Cartographie interactive du SDES; ; 
Référentiel géographique : France par EPCI 2024; ; 
Code;Libellé;Ensemble des surfaces protegées: au moins une mesure de protection 2019
200000172;Communauté de communes Faucigny-Glières;3700.56
200000438;Communauté de communes du Pays de Pontchâteau Saint-Gildas-des-Bois;13392.74
200000545;Communauté de communes des Portes de Romilly-sur-Seine;145.04
200000628;Communauté de communes Rhône Lez Provence;1574.87
200000800;Communauté de communes Cœur de Sologne;34257.54
200000925;Communauté de communes de la Plaine Dijonnaise;2121.84
200000933;Communauté de communes Sauldre et Sologne;49535.48
200004802;Communauté de communes du Pays de Fayence;12683.02
200005932;Communauté de communes des Portes de Sologne;37746.83
200005957;Communauté de communes de la Région de Rambervillers;2325.41
200006682;Communauté d'agglomération Beaune, Côte et Sud - Communauté Beaune-Chagny-Nolay;21129.63
200006716;Communauté de communes du Nogentais;786.64
200006930;Communauté de communes du Haut Allier;3717.48
200006971;Communauté de communes du Perche;29342.64
200007052;Communauté de communes de la Marche Berrichonne;803.37
200007177;Communauté de communes Pays de Nérondes;2.26
200010650;Communauté d'agglomération du Grand Dole;9803.81
200010700;Communauté d'agglomération Caux Seine Agglo;27592.95
200011773;Communauté d'agglomération Annemasse-Les Voirons-Agglomération;640.17
200011781;Communauté de communes Portes du Berry entre Loire et Val d'Aubois;1226.02
200013050;Communauté de communes Sauer-Pechelbronn;16717.78
200015162;Communauté de communes de l'Oriente;5815.41
200016905;Communauté de communes du Pays de Lamastre;14266.46
200017341;Communauté de communes Lodévois et Larzac;38163.37
200017846;Communauté d'agglomération Étampois Sud Essonne;9971.67
200018083;Communauté de communes de Desvres-Samer;24822.96
200018166;Communauté de communes Le Grésivaudan;17069.63
200018406;Communauté de communes du Romorantinais et du Monestois;37937.07
200018521;Communauté de communes du Val de Bouzanne;0
200018653;Communauté d'agglomération Cap Excellence;6770.98
200022986;Communauté de communes du Grand Pic Saint-Loup;31375.88
200023075;Communauté de communes du Pays de Maîche;11023.24
200023125;Communauté de communes Les Portes Briardes entre Villes et Forêts;0
200023240;Communauté de communes Pays de Nemours;22375.07
200023299;Communauté de communes Cœur de Tarentaise;16299.91
200023307;Communauté d'agglomération du Grand Villeneuvois;89.55
200023372;Communauté de communes de la Vallée de Chamonix-Mont-Blanc;9082.89
200023414;Métropole Rouen Normandie;20564.12
200023620;Communauté de communes de la Gascogne Toulousaine;0
200023737;Communauté d'agglomération du Grand Cahors;17306.97
200023778;Communauté d'agglomération du Pays de Saint-Gilles-Croix-de-Vie;4134.55
200023794;Communauté de communes de Blaye;8837.96
200023919;Communauté de communes Gâtinais Val de Loing;6106.57
200026573;Communauté de communes Haut-Jura Saint-Claude;36657.5
200027027;Communauté de communes Arc Sud Bretagne;5914.25
200027076;Communauté de communes Arnon Boischaut Cher;1988.31
200027100;Communauté de communes Méditerranée Porte des Maures;25263.12
200027183;Communauté urbaine Perpignan Méditerranée Métropole;13521.95
200027217;Communauté de communes Sarlat-Périgord Noir;23443.02
200027308;Communauté de communes d'Auberive Vingeanne et Montsaugeonnais;2552.02
200027548;Communauté de communes des Savanes;244225.86
200029734;Communauté de communes des 4B Sud Charente;17587.74
200029999;Communauté de communes Rives de l'Ain - Pays du Cerdon;1700.3
200030195;Métropole Nice Côte d'Azur;77225.34
200030385;Communauté d'agglomération de Blois "Agglopolys";22777.82
200030435;Communauté de communes d'Aire-sur-l'Adour;915.66
200030526;Communauté de communes du Ried de Marckolsheim;5281.95
200030633;Communauté d'agglomération du Caudrésis et du Catésis;7433.7
200030658;Communauté de communes du Trièves;31177.33
200030674;Communauté d'agglomération Val de Garonne Agglomération;1554
200032514;Communauté de communes Berry-Loire-Vauvise;720.73
200033025;Communauté d'agglomération de Bar-le-Duc - Sud Meuse;175.42
200033090;Communauté de communes Plaines et Monts de 99ance;563.44
200033116;Communauté de communes Cluses-Arve et Montagnes;3978.69
200033173;Communauté de communes de la Haute Vallée de Chevreuse;8493.72
200033181;Communauté d'agglomération Chartres Métropole;4149.88
200033298;Communauté de communes des Coëvrons;15764.9
200033579;Communauté urbaine d'Arras;46.32
200033827;Communauté de communes de Fium'Orbu Castellu;42877.16
200033868;Communauté de communes des Ballons des Hautes-Vosges;7615.71
200034023;Communauté de communes Tarn-Agout;149.06
200034031;Communauté de communes des Monts d'Alban et du Ville99anchois;34.27
200034049;Communauté de communes Centre Tarn;11088.19
200034056;Communauté de communes du Lautrécois et du Pays d'Agout;149.31
200034064;Communauté de communes du Cordais et du Causse (4 C);11434.93
200034098;Communauté de communes des Montagnes du Gif99e;15503.7
200034130;Communauté de communes Gally Mauldre;0
200034197;Communauté de communes de Montaigne Montravel et Gurson;26539.68
200034205;Communauté de communes de la Costa Verde;4983.92
200034270;Communauté de communes du Pays de Barr;571.2
200034379;Communauté de communes Pays d'Uzès;23853.96
200034411;Communauté de communes du Piémont Cévenol;11186.62
200034601;Communauté de communes Causses Aigoual Cévennes;46736.25
200034635;Communauté de communes du Kochersberg;1.66
200034692;Communauté d'agglomération du Gard Rhodanien;13931.34
200034700;Communauté d'agglomération Durance-Lubéron-Verdon Agglomération;73010.58
200034718;Communauté de communes de Vitry, Champagne et Der;3818.97
200034726;Communauté de communes Bastides de Lomagne;0
200034825;Communauté d'agglomération du Grand Guéret;508.72
200034833;Communauté de communes des Bastides Dordogne-Périgord;52275.69
200034874;Communauté de communes Côtes de Meuse Woëvre;41950.81
200034882;Communauté de communes Pays du Mont-Blanc;12667.28
200034957;Communauté de communes du 99ontonnais;75.03
200035087;Communauté d'agglomération Terre de Provence;4664.77
200035103;Communauté de communes de la Vallée de la Haute Sarthe;14083.22
200035111;Communauté de communes des Sources de l'Orne;25210.23
200035129;Communauté de communes de Cèze Cévennes;18465.44
200035137;Communauté de communes Marche Occitane - Val d'Anglin;29968.82
200035202;Communauté de communes Charlieu-Belmont;413.76
200035319;Communauté d'agglomération Estérel Côte d'Azur Agglomération;13845.5
200035327;Communauté de communes Cazals-Salviac;13412.72
200035442;Communauté de communes du Sud-Artois;0
200035533;Communauté de communes du Grand Saint-Émilionnais;23806.25
200035541;Communauté de communes des Landes d'Armagnac;20353.19
200035632;Communauté de communes Armagnac Adour;849.86
200035707;Communauté de communes Piège Lauragais Malepère;17746.11
200035715;Communauté d'agglomération Carcassonne Agglo;22276.61
200035723;Communauté de communes Ventoux Sud;37464.17
200035731;Communauté d'agglomération Roannais Agglomération;2941.66
200035756;Communauté de communes Astarac Arros en Gascogne;0
200035764;Communauté de communes de la Beauce Loirétaine;2945.57
200035772;Communauté de communes du Pays du Saintois;1549.01
200035814;Communauté d'agglomération Flers Agglo;11548.66
200035848;Communauté de communes du Châtillonnais en Berry;616.48
200035855;Communauté de communes Castelnaudary Lauragais Audois;15607.93
200035863;Communauté de communes Région Lézignanaise, Corbières et Minervois;47350.05
200035970;Communauté de communes Vexin Centre;24257.18
200036069;Communauté de communes du Pays de Mortagne au Perche;25986.3
200036077;Communauté de communes du Golfe de Saint-Tropez;9395.79
200036135;Communauté de communes Cœur de 99ance;959.34
200036150;Communauté de communes des Hauts du Val de Saône;3439.63
200036465;Communauté de communes de Thann-Cernay;10776.39
200036473;Communauté d'agglomération de Saintes - Grandes Rives - L'Agglo;4314.73
200036499;Communauté de communes de Marana-Golo;4327.09
200036523;Communauté de communes des Bastides en Haut Agenais Périgord;0.42
200036549;Communauté de communes Val de Gray;4833.3
200037059;Communauté de communes de la Haute Somme (Combles - Péronne - Roisel);994.15
200037133;Communauté de communes du Provinois;1754.66
200038958;Communauté de communes de la Pieve de l'Ornano et du Taravo;27885.39
200038990;Communauté de communes de Saint-Méen Montauban;0
200039022;Communauté d'agglomération Vitré Communauté;0
200039055;Communauté de communes Ouche et Montagne;17113.48
200039063;Communauté de communes Forêts, Seine et Suzon;12258.72
200039204;Communauté de communes de Lacq-Orthez;5660.45
200039519;Communauté de communes du Quercy Blanc;773.58
200039642;Communauté de communes Le Tonnerrois en Bourgogne;225.55
200039709;Communauté de communes du Serein;933.88
200039758;Communauté de communes Avallon, Vézelay, Morvan;35366.63
200039808;Communauté de communes des Gorges de l'Ardèche;6767.86
200039824;Communauté de communes Ardèche des Sources et Volcans;26695.48
200039832;Communauté de communes Pays des Vans en Cévennes;26429.76
200039857;Communauté d'agglomération du Pays de Grasse;36688.04
200039865;Metz Métropole;3011.56
200039907;Communauté de communes du Sud Messin;185.52
200039915;Communauté d'agglomération Cannes Pays de Lérins;1418.42
200039931;Communauté de communes Alpes d'Azur;65471.87
200039949;Communauté de communes Rives de Moselle;0.16
200040038;Communauté de communes Saône Doubs Bresse;2594.3
200040095;Communauté de communes Isle Vern Salembre en Périgord;28733.64
200040111;Communauté de communes Cœur de Chartreuse;35611.94
200040137;Communauté de communes des Lacs de Champagne;29149.97
200040178;Communauté de communes de l'Outre-Forêt;6390.21
200040202;Communauté de communes Provence Verdon;29136.61
200040210;Communauté de communes Lacs et Gorges du Verdon;47404.91
200040244;Communauté d'agglomération du Bocage Bressuirais;830.79
200040251;Communauté de communes Bassée-Montois;21780.03
200040277;Communauté d'agglomération Agglo du Pays de Dreux;3263.5
200040293;Communauté de communes du Clunisois;20154.01
200040350;Communauté de communes Bugey Sud;9293.82
200040384;Communauté de communes Isle Double Landais;23760.89
200040392;Communauté d'agglomération Le Grand Périgueux;101841.32
200040400;Communauté de communes du Périgord Ribéracois;68585.79
200040418;Communauté de communes du Pays de Serres en Quercy;30.36
200040426;Communauté de communes du Val de l'Oise;6.75
200040442;Communauté d'agglomération Luberon Monts de Vaucluse;36088.35
200040459;Communauté d'agglomération Montélimar Agglomération;1391.22
200040475;LBN Communauté;1476.83
200040491;Communauté de communes Porte de DrômArdèche;1058.02
200040509;Communauté de communes du Crestois et de Pays de Saillans Cœur de Drôme;2164.76
200040558;Communauté de communes Écueillé-Valençay;2042.4
200040566;Communauté d'agglomération de l'Ouest Rhodanien;57780.41
200040574;Communauté de communes Beaujolais Pierres Dorées;25144.11
200040590;Communauté d'agglomération Ville99anche Beaujolais Saône;16784.69
200040624;Communauté de communes Pays d'Apt-Luberon;64034.21
200040657;Communauté de communes de la Matheysine;25994.69
200040681;Communauté de communes Enclave des Papes-Pays de Grignan;4123.36
200040715;Grenoble-Alpes-Métropole;21954.93
200040764;Communauté de communes du Sud Corse;11977.88
200040772;Communauté de communes du Perche et Haut Vendômois;0.38
200040798;Communauté de communes Val Vanoise;16769.76
200040814;Communauté de communes Briance Sud Haute Vienne;8828.21
200040830;Communauté de communes du Pays de Fénelon;32673.17
200040889;Communauté de communes de Portes Sud Périgord;7596.62
200040905;Communauté de communes Carmausin-Ségala;2716.78
200040947;Communauté d'agglomération Cœur de Flandre;1743.51
200040954;Communauté de communes des Hauts de Flandre;2446.98
200041010;Communauté de communes Cœur de Savoie;11877.13
200041051;Communauté de communes Vallée de la Dordogne et Forêt Bessède;25586.4
200041150;Communauté de communes Terrassonnais Haut Périgord Noir;58161.53
200041168;Communauté de communes de la Vallée de l'Homme;53694.44
200041283;Communauté de communes de la Plaine du Rhin;4022.74
200041317;Communauté d'agglomération du Niortais;58562.61
200041325;Communauté de communes du Pays Rhénan;5598.67
200041333;Communauté de communes de Parthenay-Gâtine;7872.63
200041366;Communauté de communes Rhône Crussol;1602.29
200041416;Communauté de communes Airvaudais-Val du Thouet;6042.23
200041440;Communauté de communes de Domme-Ville99anche du Périgord;26234.74
200041465;Communauté de communes Val Eyrieux;39362.57
200041499;Communauté de communes Aunis Atlantique;43448.59
200041507;Communauté d'agglomération La Riviera du Levant;505.85
200041515;Communauté de communes du Bassin de Pont-à-Mousson;13507.87
200041523;Communauté de communes de la Haute Saintonge;64011.91
200041556;Communauté de communes Portes de la Creuse en Marche;46.5
200041572;Communauté de communes Dronne et Belle;52084.76
200041614;Communauté de communes Aunis Sud;3759.77
200041622;Communauté de communes Ardennes Thiérache;42005.87
200041630;Ardenne Métropole;19135.16
200041689;Communauté de communes Vals de Saintonge Communauté;19243.97
200041721;Communauté de communes de la Haute Comté;17001.33
200041762;Communauté d'agglomération Rochefort Océan;16448.93
200041788;Communauté d'agglomération du Pays Nord Martinique;52013.7
200041853;Communauté de communes du Pays de Montbozon et du Chanois;286.21
200041861;Communauté de communes du Triangle Vert;5367.08
200041879;Communauté de communes Terres de Saône;4956.43
200041887;Communauté de communes du Val Marnaysien;108.75
200041960;Communauté de communes Pévèle-Carembault;5996.49
200041994;Communauté de communes Haut Val de Sèvre;5289.91
200042000;Communauté de communes Bruyères-Vallons des Vosges;126.3
200042174;Communauté d'agglomération Lorient Agglomération;2525.77
200042182;Communauté de communes du Mont des Avaloirs;28082.77
200042190;Communauté d'agglomération de la Porte du Hainaut;21054.98
200042372;Communauté de communes des Coteaux Arrats Gimone;2995.85
200042414;Communauté de communes Bresse Revermont 71;782.92
200042463;Communauté de communes de la Montagne Noire;5543.26
200042497;Communauté de communes Dombes Saône Vallée;2853.56
200042604;Communauté de communes de Granville, Terre et Mer;906.44
200042620;Communauté de communes de la Région de Suippes;5373.72
200042646;Communauté de communes Grand Orb communauté de communes en Languedoc;42572.31
200042653;Communauté de communes Sud-Hérault;11220.39
200042703;Communauté de communes de l'Argonne Champenoise;27445.29
200042729;Communauté de communes de la Baie du Cotentin;45500.47
200042901;Communauté de communes Drôme Sud Provence;1262.1
200042935;Communauté d'agglomération Haut - Bugey Agglomération;5768.95
200042943;Communauté de communes du Cap Corse;2810.85
200042992;Communauté de communes Perthois-Bocage et Der;28170.09
200043016;Communauté de communes Val de Charente;6901.14
200043065;Communauté de communes du Val d'Amboise;1088.67
200043081;Communauté de communes Chinon, Vienne et Loire;34736.74
200043123;Communauté de communes Auray Quiberon Terre Atlantique;12681.66
200043156;Communauté de communes du Pays Rethélois;2821.07
200043172;Communauté d'agglomération du Bassin de Brive;80794.22
200043263;Communauté de communes Cœur de l'Avesnois;41914.85
200043321;Communauté de communes du Pays de Mormal;36290.35
200043354;Communauté de communes de Villedieu Intercom;1179.89
200043396;Communauté d'agglomération Maubeuge Val de Sambre;16210.85
200043404;Communauté de communes du Sud Avesnois;17969.91
200043438;Communauté de communes de la Moivre à la Coole;36.85
200043495;Communauté d'agglomération du Pays de Laon;3151.29
200043602;Communauté de communes des Albères, de la Côte Vermeille et de l'Illibéris;8638.45
200043628;Communauté de communes des Vallées du Clain;141.99
200043693;Communauté de communes Terre Lorraine du Longuyonnais;85.54
200043776;Communauté de communes Pyrénées Audoises;71611.51
200043974;Communauté de communes du Sud Gironde;50220.02
200043982;Communauté de communes du Bazadais;26738.55
200043990;Communauté de communes Vallons de Haute-Bretagne Communauté;446.77
200044014;Communauté de communes Creuse Grand Sud;42218.2
200044030;Communauté de communes des 7 Vallées;435.45
200044048;Communauté de communes Osartis Marquion;0
200044253;Communauté de communes du Bassin de Joinville en Champagne;6712.62
200044394;Communauté de communes du Réolais en Sud Gironde;1759.02
200044469;Communauté de communes du Pays de Mirepoix;815.5
200044618;Communauté d'agglomération Douaisis Agglo;4473.49
200044691;Communauté d'agglomération du Nord Grande Terre;25237.06
200046977;Métropole de Lyon;1997.68
200048551;Communauté de communes du Pays de Craon;0
200049187;Communauté d'agglomération du Grand Verdun;12324.81
200049211;Communauté de communes Conflent-Canigó;60017.37
200049484;Communauté de communes Berry Grand Sud;1157.84
200050532;Communauté de communes de Petite-Terre;267.97
200054781;Métropole du Grand Paris;1420
200054807;Métropole d'Aix-Marseille-Provence;141683.07
200055481;Communauté de communes Beauce Val de Loire;26873.47
200055655;Communauté d'agglomération Roissy Pays de 99ance;571.43
200055887;Communauté de communes Mayenne Communauté;10124.45
200056232;Communauté d'agglomération Communauté Paris-Saclay;761.54
200056380;Communauté d'agglomération Plaine Vallée;7.06
200057859;Communauté d'agglomération Cœur d'Essonne Agglomération;472.54
200057958;Communauté d'agglomération Paris - Vallée de la Marne;130.82
200058360;Communauté de communes entre Beauce et Perche;3464.93
200058477;Communauté d'agglomération Val d'Yerres Val de Seine;26.13
200058485;Communauté d'agglomération Val Parisis;6.57
200058519;Communauté d'agglomération Saint Germain Boucles de Seine;0
200058782;Communauté d'agglomération de Saint-Quentin-en-Yvelines;2080.94
200059228;Communauté d'agglomération Grand Paris Sud Seine Essonne Sénart;1179.16
200059392;Communauté de communes Bièvre Isère;2149.97
200059400;Communauté de communes Porte Océane du Limousin;13941.54
200059871;Communauté de communes du Centre-Ouest;128.11
200059889;Communauté urbaine Grand Paris Seine et Oise;14628.46
200060010;Communauté d'agglomération Mauges Communauté;4005.3
200060457;Communauté d'agglomération de Dembeni / Mamoudzou;186.31
200060465;Communauté d'agglomération du Grand Nord de Mayotte;461.73
200060473;Communauté de communes du Sud;719.45
200065563;Communauté de communes Normandie-Cabourg-Pays d'Auge;636.72
200065589;Communauté de communes Val ès Dunes;154.04
200065597;Communauté urbaine Caen la Mer;379.75
200065647;Communauté d'agglomération Pays de Montbéliard Agglomération;538.65
200065787;Communauté de communes de Pont-Audemer / Val de Risle;14984.36
200065886;Communauté d'agglomération Loire Forez Agglomération;36883.72
200065894;Communauté de communes de Forez-Est;12651.44
200065928;Communauté d'agglomération Lannion-Trégor Communauté;4738.33
200066009;Communauté d'agglomération Mulhouse Alsace Agglomération;9741.51
200066017;Communauté de communes Lieuvin Pays d'Auge;815.05
200066025;Communauté de communes Alsace Rhin Brisach;16345.46
200066033;Communauté de communes Sud Alsace Largue;784.18
200066041;Communauté de communes Sundgau;4109.63
200066058;Communauté d'agglomération Saint-Louis Agglomération;4111.26
200066108;Communauté de communes des Portes de Meuse;1555.17
200066116;Communauté de communes Argonne-Meuse;5644.23
200066124;Communauté d'agglomération Gaillac-Graulhet;9981.87
200066132;Communauté de communes du Pays de Stenay et du Val Dunois;2784.41
200066140;Communauté de communes de l'Aire à l'Argonne;8052.87
200066157;Communauté de communes de Commercy - Void - Vaucouleurs;11768.83
200066165;Communauté de communes Val de Meuse - Voie Sacrée;1749.16
200066173;Communauté de communes de Damvillers Spincourt;12261.34
200066223;Communauté de communes Arize Lèze;14779.37
200066231;Communauté de communes des Portes d'Ariège Pyrénées;337.79
200066280;Communauté de communes du Pithiverais;3828.13
200066322;Communauté de communes Terres des Confluences;1976.37
200066330;Communauté de communes Terres du Haut Berry;1442.59
200066348;Communauté de communes du Minervois au Caroux;68312.66
200066355;Communauté d'agglomération Sète Agglopôle Méditerranée;17938.3
200066363;Communauté de communes de la Haute Ariège;62633.15
200066371;Communauté de communes Causses et Vallée de la Dordogne;129303.27
200066389;Communauté d'agglomération Saint-Lô Agglo;16899.23
200066405;Communauté de communes Roumois Seine;13013.89
200066413;Communauté de communes Intercom Bernay Terres de Normandie;2474.77
200066462;Communauté de communes Interco Normandie Sud Eure;475.37
200066512;Communauté de communes Élan Limousin Avenir Nature;2502.83
200066520;Communauté de communes Ouest Limousin;41305.59
200066553;Communauté de communes des Monts de Lacaune et de la Montagne du Haut Languedoc;79510.62
200066561;Communauté de communes Sidobre Vals et Plateaux;44466.09
200066587;Communauté de communes des Monts du Lyonnais;377.79
200066603;Communauté de communes du Pays de Lubersac-Pompadour;25564.25
200066637;Communauté de communes Hautes Terres Communauté;68078.39
200066645;Communauté de communes Vézère-Monédières-Millesources;54763.85
200066652;Communauté de communes Grand Sud Tarn et Garonne;1492.8
200066660;Saint-Flour Communauté;90340.13
200066678;Communauté de communes de la Châtaigneraie Cantalienne;45529.76
200066710;Communauté de communes Cingal-Suisse Normande;1947.87
200066728;Communauté de communes Vallées de l'Orne et de l'Odon;0.06
200066744;Communauté de communes Haute-Corrèze Communauté;179576.36
200066751;Communauté de communes Xaintrie Val'Dordogne;65393.53
200066769;Communauté de communes Midi Corrézien;39028.03
200066777;Ploërmel Communauté;633.5
200066785;Communauté de communes de l'Oust à Brocéliande;375.01
200066793;Communauté d'agglomération du Grand Annecy;19244.25
200066801;Communauté de communes Isigny-Omaha Intercom;22416.73
200066819;Communauté de communes du Volvestre;1271.2
200066827;Communauté de communes du Pays de Honfleur-Beuzeville;5515.08
200066835;Communauté de communes de Sézanne-Sud Ouest Marnais;1262.36
200066850;Communauté de communes des Paysages de la Champagne;12951.5
200066868;Communauté de communes Presqu'île de Crozon-Aulne maritime;28266.09
200066876;Communauté d'agglomération de Châlons-en-Champagne;132.77
200066884;Communauté de communes Quercy Vert-Aveyron;1762.59
200066892;Communauté de communes de Vendeuvre-Soulaines;33198.44
200066918;Communauté d'agglomération Alès Agglomération;42872.81
200066926;Communauté d'agglomération Grand Auch Cœur de Gascogne;36.18
200066975;Communauté de communes Senlis Sud Oise;20486.77
200067023;Communauté de communes Coutances Mer et Bocage;5565.01
200067031;Communauté de communes Côte Ouest Centre Manche;43300.25
200067049;Communauté de communes Spelunca-Liamone;58911.15
200067064;Communauté de communes Decazeville Communauté;124.07
200067072;Communauté de communes Haut-Léon Communauté;478.71
200067080;Communauté de communes Chablis Villages et Terroirs;920.85
200067106;Communauté d'agglomération du Pays Basque;109339.34
200067114;Communauté d'agglomération de l'Auxerrois;588.19
200067122;Communauté de communes du Pays de La99ançaise;184.84
200067130;Communauté de communes de Puisaye-Forterre;4008.83
200067155;Communauté de communes Saint Af99icain, Roquefort, Sept Vallons;43187.49
200067163;Communauté de communes Monts, Rance et Rougier;65425.15
200067171;Communauté de communes Aubrac, Carladez et Viadène;73186.37
200067189;Creuse Sud Ouest;27548.63
200067197;Communauté de communes Monts d'Arrée Communauté;35966.87
200067205;Communauté d'agglomération du Cotentin;24740.34
200067213;Communauté urbaine du Grand Reims;27008.27
200067239;Communauté de communes des Luys en Béarn;113.37
200067247;Communauté de communes Pleyben-Châteaulin-Porzay;18867.5
200067254;Communauté d'agglomération Pau Béarn Pyrénées;3457.46
200067262;Communauté de communes du Haut Béarn;58226.94
200067288;Communauté de communes du Béarn des Gaves;4025.26
200067296;Communauté de communes du Nord Est Béarn;194.57
200067304;Communauté de communes Serein et Armance;54.23
200067320;Communauté de communes Serre-Ponçon Val d'Avance;7089.55
200067346;Communauté d'agglomération Pornic Agglo Pays de Retz;5532.45
200067361;Communauté de communes Grand-Figeac;69047.47
200067379;Communauté de communes Côtes de Champagne et Val de Saulx;28007.58
200067429;Communauté de communes Haut Nivernais-Val d'Yonne;532.09
200067437;Communauté d'agglomération Provence-Alpes-Agglomération;126339.8
200067445;Communauté de communes Buëch-Dévoluy;35086.27
200067452;Communauté de communes du Guillestrois et du Queyras;72090.01
200067460;Communauté de communes Loudéac Communauté - Bretagne Centre;518.21
200067478;Communauté de communes Comtal Lot et Truyère;20781.25
200067486;Communauté de communes Bouzonvillois-Trois 99ontières;1182.67
200067502;Communauté d'agglomération Saint-Avold Synergie;2727.55
200067544;Creuse Confluence;1960.41
200067551;Communauté d'agglomération Thonon Agglomération;23874.64
200067593;Communauté de communes Marche et Combraille en Aquitaine;17785.22
200067627;Communauté de communes Billom Communauté;21304.35
200067635;Communauté d'agglomération Clisson Sèvre et Maine Agglo;639.21
200067643;Communauté de communes Meurthe Mortagne Moselle;422.86
200067650;Communauté de communes Houve-Pays Boulageois;878.02
200067668;Communauté de communes de la Cléry, du Betz et de l'Ouanne;189.32
200067676;Communauté de communes Canaux et Forêts en Gâtinais;5177.89
200067684;Communauté d'agglomération Épernay, Coteaux et Plaine de Champagne;1440.03
200067692;Communauté de communes Tannay-Brinon-Corbigny;18521.51
200067700;Communauté de communes Sud Nivernais;19243.44
200067742;Communauté de communes Serre-Ponçon;36717.81
200067759;Communauté de communes Vallées et Plateau d'Ardenne;39894.47
200067767;Communauté de communes du Royans-Vercors;47713.23
200067783;Communauté de communes de Hanau-La Petite Pierre;27138.61
200067791;Communauté d'agglomération L'agglo Foix-Varilhes;22471.19
200067817;Communauté de communes Saône-Beaujolais;53815.56
200067825;Communauté d'agglomération Gap-Tallard-Durance;15529.44
200067841;Communauté de communes de l'Alsace Bossue;11337.01
200067866;Communauté de communes Sèvre et Loire;1434.62
200067874;Communauté d'agglomération de Haguenau;14271.87
200067882;Communauté de communes Bazois Loire Morvan;56943.69
200067890;Communauté de communes Morvan Sommets et Grands Lacs;96087.33
200067908;Communauté de communes Amognes Cœur du Nivernais;17157.59
200067916;Communauté de communes Cœur de Loire;3257.89
200067924;Communauté de communes du Canton d'Erstein;6382.73
200067932;Communauté d'agglomération Golfe du Morbihan - Vannes Agglomération;48722.18
200067940;Communauté de communes Couserans-Pyrénées;163529.14
200067957;Communauté de communes Haut Chemin-Pays de Pange;3.81
200067965;Communauté d'agglomération de la Région de Compiègne et de la Basse Automne;12543.55
200067973;Communauté de communes Thelloise;1457.56
200067981;Communauté d'agglomération Guingamp-Paimpol Agglomération de l'Armor à l'Argoat;4722.92
200067999;Communauté d'agglomération du Beauvaisis;2054.96
200068005;Communauté de communes de l'Oise Picarde;341.09
200068047;Communauté d'agglomération Creil Sud Oise;1540.8
200068070;Communauté de communes Loue-Lison;24537.86
200068088;Communauté de communes Les Bertranges;1005.64
200068096;Communauté de communes Champsaur-Valgaudemar;63059.45
200068104;Communauté d'agglomération de la Provence Verte;46202.4
200068112;Communauté de communes du Pays de Saverne;3023.33
200068120;Communauté d'agglomération Quimper Bretagne Occidentale;73.29
200068146;Communauté de communes Sarrebourg Moselle Sud;24501.62
200068229;Communauté de communes des Baronnies en Drôme Provençale;74782.62
200068278;Communauté de communes Berry Loire Puisaye;2213.14
200068294;Communauté de communes des Deux Vallées Vertes;32.25
200068369;Communauté de communes de Mirecourt Dompaire;0.01
200068377;Communauté de communes de la Porte des Vosges Méridionales;13895.66
200068435;Communauté de communes Cœur du Perche;39034.02
200068443;Communauté de communes Andaine - Passais;33813.35
200068450;Communauté de communes Terres d'Argentan Interco;17646.87
200068468;Communauté de communes des Pays de L'Aigle;3464.71
200068484;Communauté de communes des Causses à l'Aubrac;54139.32
200068500;Communauté d'agglomération de Cambrai;59.91
200068534;Communauté de communes Terroir de Caux;97.84
200068542;Communauté de communes Les Balcons du Dauphiné;13795.2
200068559;Communauté de communes de l'Ouest Vosgien;3051.85
200068567;Communauté de communes Les Vals du Dauphiné;134.21
200068625;Communauté de communes Alpes-Provence-Verdon - Sources de Lumière;100960.08
200068641;Communauté d'agglomération Le Muretain Agglo;1196.46
200068658;Communauté d'agglomération de Chaumont;10102.49
200068666;Communauté d'agglomération de Saint-Dizier Der et Blaise;68987.9
200068674;Communauté d'agglomération Grand Lac;12031.92
200068682;Communauté de communes Terre d'Eau;4908.69
200068757;Communauté d'agglomération d'Épinal;1569.79
200068765;Communauté de communes du Sisteronais-Buëch;121160.46
200068773;Communauté de communes des Vosges côté Sud Ouest;14784.22
200068781;Communauté d'agglomération Valence Romans Agglo;5362.86
200068799;Communauté de communes Intercom de la Vire au Noireau;8822.61
200068807;Communauté de communes du Bassin Auterivain Haut-Garonnais;235.69
200068815;Communauté de communes Cœur de Garonne;937.55
200068831;Communauté de communes Pays Ségali Communauté;2817.57
200068856;Communauté de communes des Hauts du Perche;28914.28
200068864;Communauté de communes de la Mossig et du Vignoble;2922.57
200068872;Communauté de communes Éguzon - Argenton - Vallée de la Creuse;4788.45
200068880;Communauté de communes Champagne Boischauts;472.54
200068914;Communauté de communes La Rochefoucauld porte du Périgord;5597.31
200068922;Communauté de communes du Confluent et des Coteaux de Prayssas;589.97
200068930;Communauté de communes Fumel Vallée du Lot;1965.27
200068948;Communauté de communes Albret Communauté;1567.17
200068955;Communauté de communes Anjou Loir et Sarthe;2440.96
200068963;Communauté de communes Maine Cœur de Sarthe;0
200068989;Communauté d'agglomération Dinan Agglomération;3026.45
200068997;Communauté d'agglomération Arlysère;11438.73
200069003;Communauté de communes du Barséquanais en Champagne;14592.59
200069029;Communauté d'agglomération des Deux Baies en Montreuillois;3671.27
200069037;Communauté d'agglomération du Pays de Saint-Omer;23419.11
200069052;Communauté d'agglomération Grand Belfort;2335.65
200069060;Communauté de communes des Vosges du Sud;15171.68
200069086;Communauté de communes Leff Armor Communauté;122.67
200069094;Communauté de communes Isle et Crempse en Périgord;42975.49
200069102;Communauté de communes Randon - Margeride;5301.24
200069110;Communauté d'agglomération du Grand Chambéry;41880.12
200069128;Communauté de communes Mont Lozère;43060.07
200069136;Communauté de communes des Cévennes au Mont Lozère;61519.1
200069144;Communauté de communes des Hautes Terres de l'Aubrac;49530.15
200069151;Communauté de communes Gorges Causses Cévennes;82618.76
200069169;Communauté de communes Dômes Sancy Artense;60158.83
200069177;Communauté de communes Mond'Arverne Communauté;17144.85
200069185;Communauté de communes des Terres d'Apcher-Margeride-Aubrac;10495.83
200069193;Communauté de communes de la Dombes;33363.69
200069227;Communauté de communes Pays Fort Sancerrois Val de Loire;2866.75
200069235;Communauté de communes du Haut Pays du Montreuillois;8.23
200069250;Communauté d'agglomération Troyes Champagne Métropole;13699.84
200069268;Aubrac Lot Causses Tarn;20646.74
200069300;Communauté d'agglomération Tarbes-Lourdes-Pyrénées;4831.7
200069383;Communauté de communes Ouest Aveyron Communauté;5370.86
200069391;Communauté d'agglomération Lamballe Terre et Mer;749.76
200069409;Communauté d'agglomération Saint-Brieuc Armor Agglomération;872.46
200069417;Communauté de communes Pays d'Orthe et Arrigans;2350.42
200069425;Communauté d'agglomération Mont-Saint-Michel-Normandie;20124.41
200069433;Communauté de communes de Vezouze en Piémont;1906.78
200069441;Communauté de communes du Pays de Bitche;50676.13
200069458;Communauté de communes des Vallées d'Auge et du Merlerault;15845.84
200069482;Communauté de communes des Campagnes de l'Artois;1.04
200069516;Communauté de communes Seulles Terre et Mer;542.31
200069524;Communauté de communes Pré-Bocage Intercom;3484.96
200069532;Communauté d'agglomération Lisieux Normandie;611.28
200069540;Communauté de communes Norge et Tille;3.6
200069565;Communauté de communes des Lacs et Montagnes du Haut-Doubs;30400
200069581;Communauté de communes Convergence Garonne;1116.79
200069599;Communauté de communes rurales de l'Entre-Deux-Mers;15726.47
200069615;Communauté de communes Bresse Haute Seille;6775.55
200069623;Communauté de communes Champagnole Nozeroy Jura;12394.27
200069631;Communauté de communes Terres de Chalosse;1658.28
200069649;Communauté de communes Chalosse Tursan;1225.39
200069656;Communauté de communes Cœur Haute Lande;138557.42
200069664;Communauté de communes Meuse Rognon;49634.01
200069672;Communauté de communes du Ternois;147.37
200069698;Communauté de communes Mâconnais - Tournugeois;2665.37
200069722;Communauté de communes interrégionale Aumale - Blangy-sur-Bresle;1201.24
200069730;Communauté de communes des 4 rivières;3878.95
200069748;Communauté de communes Val de Gâtine;9376.26
200069755;Communauté de communes Mellois en Poitou;41387.46
200069763;Communauté de communes du Haut-Poitou;18713.5
200069821;Communauté d'agglomération Fécamp Caux Littoral Agglomération;485.15
200069839;Communauté de communes de la Côte d'Albâtre;346.95
200069847;Communauté de communes Plateau de Caux;0
200069854;Communauté urbaine du Grand Poitiers;10079.56
200069912;Communauté de communes des Forêts du Perche;12778.21
200069953;Communauté de communes des Portes Euréliennes d'Île-de-99ance;641.54
200069961;Communauté de communes du Grand Châteaudun;14009.58
200069995;Communauté de communes Médoc Cœur de Presqu'île;12056.94
200070035;Communauté de communes du Civraisien en Poitou;217.26
200070043;Communauté de communes Vienne et Gartempe;14391.56
200070068;Communauté de communes Communauté Bray-Eawy;801.45
200070092;Communauté d'agglomération du Libournais;57184.4
200070100;Communauté de communes du Val de Sully;39124.53
200070118;Communauté de communes Val de Saône Centre;359.85
200070126;Communauté de communes Seine et Aube;3151.88
200070142;Communauté de communes Lyons Andelle;779.68
200070159;Communauté de communes Cœur de Beauce;51309.35
200070167;Communauté de communes Terres de Perche;31805.07
200070183;Communauté de communes des Terres du Val de Loire;4335.48
200070233;Communauté d'agglomération Terres de Montaigu;0
200070282;Communauté de communes Lavalette Tude Dronne;64232.1
200070290;Communauté de communes Coeur du Pays Haut;22.61
200070308;Communauté d'agglomération Mâconnais Beaujolais Agglomération;2041.96
200070316;Communauté de communes Entre Arroux, Loire et Somme;6275.12
200070324;Communauté de communes du Territoire de Lunéville à Baccarat;3343.72
200070332;Communauté de communes des Savoir-Faire;13664.55
200070340;Communauté de communes Haute Maurienne Vanoise;42449.81
200070365;Communauté de communes Corbières Salanque Méditerranée;25948.2
200070373;Communauté de communes Loir-Lucé-Bercé;1640.52
200070407;Communauté d'agglomération Agglo Pays d'Issoire;69757.73
200070431;Communauté de communes Saint-Marcellin Vercors Isère Communauté;25735.52
200070449;Communauté de communes Inter-Caux-Vexin;60.17
200070464;Communauté de communes Cœur de Maurienne Arvan;1813.79
200070506;Communauté de communes Pays de Nexon Monts de Chalus;24920.43
200070514;Communauté d'agglomération du Grand Cognac;6346.72
200070530;Communauté de communes du Grand Autunois Morvan;55375.42
200070548;Communauté de communes Brionnais Sud Bourgogne;0
200070555;Communauté de communes de la Veyle;1966.3
200070563;Communauté de communes Terres Touloises;20391.02
200070571;Communauté de communes Cœur de Berry;14.68
200070589;Communauté de communes de Seille et Grand Couronné;137.65
200070647;Communauté d'agglomération Bergeracoise;58245.08
200070662;Communauté de communes Bretagne porte de Loire Communauté;195.95
200070670;Communauté de communes du Pays de Dol et de la Baie du Mont Saint-Michel;4436.13
200070688;Communauté de communes Couesnon Marches de Bretagne;191.36
200070712;Communauté de communes Thiers Dore et Montagne;62220.48
200070720;Communauté de communes Médoc Atlantique;48292.42
200070738;Communauté de communes Mad et Moselle;43912.23
200070746;Communauté d'agglomération Sarreguemines Confluences;709.46
200070753;Communauté d'agglomération Riom Limagne et Volcans;16876.79
200070761;Communauté de communes Ambert Livradois Forez;112315.72
200070779;Communauté de communes Brie des Rivières et Châteaux;2834.92
200070787;Communauté de communes du Plateau de Lannemezan;613.59
200070795;Communauté de communes du Pays de Trie et du Magnoac;264.74
200070803;Communauté de communes des Coteaux du Val d'Arros;0
200070811;Communauté de communes Pyrénées Vallées des Gaves;95515.72
200070829;Communauté de communes Neste Barousse;101.25
200070845;Communauté de communes Orne Lorraine Confluences;4586.59
200070852;Communauté de communes Usses et Rhône;3389.35
200070894;Communauté de communes de Gevrey-Chambertin et de Nuits-Saint-Georges;28664.95
200070902;Communauté de communes Auxonne Pontailler Val de Saône;2294.41
200070910;Communauté de communes Tille et Venelle;3241.45
200070928;Communauté de communes Terre de Picardie;108.26
200070936;Communauté de communes Ponthieu-Marquenterre;9439.41
200070944;Communauté de communes du Vimeu;101.25
200070951;Communauté de communes du Territoire Nord Picardie;520.05
200070969;Communauté de communes Avre Luce Noye;743.7
200070977;Communauté de communes du Grand Roye;636.81
200070985;Communauté de communes de l'Est de la Somme;810.94
200070993;Communauté d'agglomération de la Baie de Somme;7559.15
200071017;Communauté de communes des Terres d'Auxois;28171.33
200071025;Communauté de communes Haute-Provence-Pays de Banon;48172.39
200071033;Communauté de communes Jabron-Lure-Vançon-Durance;4583.68
200071041;Communauté de communes du Chaourçois et du Val d'Armance;0
200071058;Communauté de communes Les Avant-Monts;9562.8
200071066;Communauté d'agglomération de Saint-Dié-des-Vosges;38078.69
200071074;Communauté de communes Les Portes de l'Ile de 99ance;2583.75
200071082;Communauté d'agglomération Montluçon Communauté;1312.59
200071116;Communauté d'agglomération ECLA  (Espace Communautaire Lons Agglomération);715.32
200071140;Communauté d'agglomération Moulins Communauté;30064.18
200071165;Communauté d'agglomération Les Sables d'Olonne Agglomération;2773.48
200071173;Communauté de communes du Pays Arnay Liernais;14648.92
200071181;Communauté de communes Somme Sud-Ouest;563.78
200071199;Communauté de communes Plaine Limagne;2644.92
200071207;Communauté de communes de Pouilly-en-Auxois/Bligny-sur-Ouche;10131.91
200071215;Communauté de communes Chavanon Combrailles et Volcans;28154.21
200071223;Communauté de communes Nièvre et Somme;1904.95
200071298;Communauté de communes des Terres du Lauragais;44.43
200071314;Communauté de communes des Hauts-Tolosans;847.71
200071363;Communauté d'agglomération Vichy Communauté;3757.19
200071371;Communauté de communes Bresse et Saône;3081.09
200071389;Communauté de communes Saint-Pourçain Sioule Limagne;7715.44
200071405;Communauté de communes Ardèche Rhône Coiron;596.87
200071413;Communauté d'agglomération Privas Centre Ardèche;37852.52
200071454;Communauté d'agglomération Evreux Portes de Normandie;403.88
200071470;Communauté de communes Entr'Allier Besbre et Loire;9720.11
200071496;Communauté de communes du Bocage Bourbonnais;1275.19
200071504;Communauté de communes des Collines du Perche Normand;28354.19
200071512;Communauté de communes Commentry Montmarault Néris Communauté;1.48
200071520;Communauté de communes Dom99ont Tinchebray Interco;21273.04
200071538;Communauté de communes Terres de Bresse;3389.18
200071546;Communauté de communes Sud Retz Atlantique;2985.5
200071553;Communauté de communes Loire Layon Aubance;11596.5
200071579;Communauté de communes Bresse Louhannaise Intercom';1020.64
200071587;Communauté de communes Loches Sud Touraine;8986.37
200071595;Communauté de communes Arbois, Poligny, Salins, Cœur du Jura;3553.43
200071629;Communauté de communes Challans-Gois Communauté;15638.81
200071645;Communauté de communes Saint Cyr Mère Boitier entre Charolais et Mâconnais;15968.34
200071652;Communauté de communes du Pays Fertois et du Bocage Carrougien;23240.55
200071678;Communauté d'agglomération Cholet Agglomération;134.72
200071751;Communauté d'agglomération du Bassin de Bourg-en-Bresse;7281
200071769;Communauté de communes Picardie des Châteaux;4842.74
200071777;Communauté de communes d'Arcis, Mailly, Ramerupt;1369.96
200071785;Communauté d'agglomération Chauny-Tergnier-La Fère;9397.51
200071819;Communauté de communes du Périgord Nontronnais;57494.48
200071827;Communauté d'agglomération du Grand Angoulême;8391.02
200071843;Communauté de communes du Vexin Normand;370.99
200071850;Communauté de communes du Pithiverais-Gâtinais;2624.63
200071868;Communauté de communes des Vallées du Haut-Anjou;1218.11
200071876;Communauté d'agglomération Saumur Val de Loire;107775.23
200071884;Communauté de communes Le Grand Charolais;5387.13
200071892;Communauté d'agglomération du Saint-Quentinois;100.17
200071900;Communauté de communes Vendée Grand Littoral;18378.27
200071918;Communauté de communes du Pays de Saint-Fulgent - Les Essarts;0
200071926;Communauté de communes du Limouxin;19303.36
200071934;Communauté de communes Pays de Fontenay-Vendée;17679.17
200071942;Communauté de communes Haut Limousin en Marche;2478.92
200071967;Communauté de communes Pays d'Évian Vallée d'Abondance;32174.77
200071983;Communauté de communes Thiérache Sambre et Oise;2.82
200071991;Communauté de communes Retz-en-Valois;941.28
200072007;Communauté de communes de la Montagne d'Ardèche;30119.11
200072015;Communauté d'agglomération Annonay Rhône Agglo;940.85
200072023;Communauté de communes Cœur de Charente;9090.91
200072031;Communauté d'agglomération de la Région de Château-Thierry;873.38
200072049;Communauté de communes de Charente Limousine;1380.39
200072056;Communauté de communes Porte du Jura;16.47
200072064;Communauté de communes Val-de-Cher-Controis;11807.88
200072072;Communauté d'agglomération Territoires Vendômois;7116.23
200072080;Communauté de communes du Pays de Saint-Éloy;8469.27
200072098;Communauté de communes Combrailles Sioule et Morge;16175.66
200072106;Communauté de communes Adour Madiran;691.7
200072130;Communauté d'agglomération du Pays de Meaux;510.26
200072304;Communauté de communes Vallée de l'Ubaye - Serre-Ponçon;62433.47
200072312;Communauté d'agglomération Seine Normandie Agglomération;2907.24
200072320;Communauté de communes Val de Gers;2415.09
200072346;Communauté d'agglomération du Pays de Fontainebleau;43799.22
200072452;Communauté d'agglomération Fougères Agglomération;0
200072460;Communauté d'agglomération de Béthune-Bruay, Artois-Lys Romane;147.7
200072478;Communauté de communes Pays d'Opale;15121.83
200072544;Communauté de communes des Deux Morin;3628.24
200072635;Communauté de communes Pyrénées Haut Garonnaises;34135.11
200072643;Communauté de communes Cœur et Coteaux du Comminges;1029.24
200072650;Communauté de communes Touraine Vallée de l'Indre;23020.49
200072668;Communauté de communes Touraine Val de Vienne;46220.21
200072676;Communauté de communes Maine Saosnois;10395.93
200072684;Communauté de communes Le Gesnois Bilurien;1169.65
200072692;Communauté de communes des Vallées de la Braye et de l'Anille;269.29
200072700;Communauté de communes Haute Sarthe Alpes Mancelles;17836.7
200072718;Communauté de communes de la Champagne Conlinoise et du Pays de Sillé;22552.03
200072726;Communauté de communes Châteaubriant-Derval;0.38
200072734;Communauté de communes Estuaire et Sillon;8181.16
200072825;Communauté de communes Mirebellois et Fontenois;86.72
200072874;Communauté de communes Val Briard;9.43
200072882;Communauté de communes de Vie et Boulogne;0
200072981;Communauté de communes Touraine Ouest Val de Loire;41807.88
200072999;Communauté de communes du Grand Langres;14077.61
200073013;Communauté de communes Carnelle Pays-de-99ance;8042.42
200073096;Communauté d'agglomération Arche Agglo;1772.22
200073104;Communauté de communes de l'Île-Rousse - Balagne;15499.4
200073112;Communauté de communes Sud Sarthe;6615.96
200073120;Communauté de communes Nebbiu - Conca d'Oro;7441.25
200073138;Communauté de communes Pasquale Paoli;64224.29
200073146;Communauté de communes Cagire Garonne Salat;4455.22
200073161;Communauté de communes Touraine-Est Vallées;613.92
200073237;Communauté de communes de Gâtine-Racan;425.08
200073245;Communauté de communes du Bassin d'Aubenas;25799.76
200073252;Communauté de communes de la Castagniccia-Casinca;11469.22
200073260;Communauté de communes Sud Vendée Littoral;63506.26
200073344;Communauté d'agglomération Rambouillet Territoires;38254.33
200073393;Communauté de communes des Rives du Haut Allier;53215.77
200073401;Communauté de communes Mézenc-Loire-Meygal;20071.19
200073419;Communauté d'agglomération du Puy-en-Velay;62978.89
200073427;Communauté de communes Marches du Velay-Rochebaron;17692.62
200077014;Communauté d'agglomération Vienne Condrieu;12747.59
200083392;Communauté d'agglomération Laval Agglomération;3.32
200084952;Communauté urbaine Le Havre Seine Métropole;7626.31
200085728;Communauté de communes Brioude Sud Auvergne;6423.53
200085751;Communauté de communes Entre Bièvre et Rhône;651.09
200089456;Communauté d'agglomération Seine-Eure;5273.45
200090504;Communauté d'agglomération Coulommiers Pays de Brie;473.65
200090561;Communauté de communes Vierzon-Sologne-Berry;6115.1
200090579;Communauté de communes Terre d'Émeraude Communauté;55529.71
200090751;Communauté d'agglomération Grand Calais Terres et Mers;2746.75
200093201;Métropole Européenne de Lille;122.22
200096634;Communauté de communes des Hautes Vosges;25574.22
200096642;Communauté de communes Gérardmer Hautes Vosges;15124.6
200096675;Communauté de communes Baud Communauté;31.67
200096683;Communauté de communes Centre Morbihan Communauté;0
200096956;Communauté d'agglomération Agglomération d'Agen;908.02
240100610;Communauté de communes de la Côtière à Montluel;2639.87
240100750;Communauté d'agglomération du Pays de Gex;29057.5
240100800;Communauté de communes de Miribel et du Plateau;1070.29
240100883;Communauté de communes de la Plaine de l'Ain;13291.91
240100891;Communauté de communes du Pays Bellegardien (CCPB);8838.82
240200444;Communauté de communes de la Thiérache du Centre;145.41
240200469;Communauté de communes du Pays de la Serre;779.78
240200477;Communauté d'agglomération GrandSoissons Agglomération;29.83
240200493;Communauté de communes du Pays du Vermandois;0
240200501;Communauté de communes du Val de l'Aisne;254.02
240200519;Communauté de communes du Canton d'Oulchy-le-Château;87.57
240200576;Communauté de communes de la Champagne Picarde;8057.73
240200584;Communauté de communes du Canton de Charly-sur-Marne;0.4
240200592;Communauté de communes du Chemin des Dames;210.83
240200600;Communauté de communes des Trois Rivières;7573.95
240200634;Communauté de communes des Portes de la Thiérache;146.78
240300491;Communauté de communes du Pays de Lapalisse;0.01
240300558;Communauté de communes du Pays de Tronçais;1563.07
240300566;Communauté de communes du Val de Cher;0.12
240300657;Communauté de communes du Pays d'Huriel;1.91
240400440;Communauté de communes Pays Forcalquier et Montagne de Lure;30347.88
240500439;Communauté de communes du Briançonnais;79306.65
240500462;Communauté de communes du Pays des Ecrins;52188.49
240600551;Communauté d'agglomération de la Riviera 99ançaise;41657.84
240600585;Communauté d'agglomération de Sophia Antipolis;31907.54
240600593;Communauté de communes du Pays des Paillons;1104.64
240700302;Communauté de communes du Pays Beaume-Drobie;26757.32
240700617;Communauté de communes Val de Ligne;4598.28
240700716;Communauté de communes du Val d'Ay;0
240700815;Communauté de communes Berg et Coiron;496.97
240700864;Communauté de communes du Rhône aux Gorges de l'Ardèche;2047.56
240800821;Communauté de communes Ardenne, Rives de Meuse;27460.81
240800847;Communauté de communes des Portes du Luxembourg;7849.94
240800862;Communauté de communes des Crêtes Préardennaises;5582.03
240800920;Communauté de communes de l'Argonne Ardennaise;5084.25
240900431;Communauté de communes du Pays de Tarascon;16952.65
240900464;Communauté de communes du Pays d'Olmes;9520.86
241000223;Communauté de communes Forêts, Lacs, Terres en Champagne;24291.41
241000405;Communauté de communes de la Région de Bar-sur-Aube;25024.87
241000447;Communauté de communes du Pays d'Othe;90.15
241000488;Communauté de communes de l'Orvin et de l'Ardusson;5.14
241100593;Communauté d'agglomération Le Grand Narbonne;58671.25
241200187;Communauté d'agglomération Rodez Agglomération;491.23
241200542;Communauté de communes du Réquistanais;4043.14
241200567;Communauté de communes de Millau Grands Causses;51570.28
241200625;Communauté de communes du Pays Rignacois;50.74
241200641;Communauté de communes Conques-Marcillac;43.79
241200658;Communauté de communes du Pays de Salars;28.79
241200674;Communauté de communes du Plateau de Montbazens;37.66
241200765;Communauté de communes de Lévézou Pareloup;20709.05
241200807;Communauté de communes Aveyron Bas Ségala Viaur;2138.65
241200906;Communauté de communes Larzac et Vallées;65450.47
241200914;Communauté de communes de la Muse et des Raspes du Tarn;44323.05
241300375;Communauté de communes Vallée des Baux-Alpilles (CC VBA);32042.35
241300417;Communauté d'agglomération d'Arles-Crau-Camargue-Montagnette;132475.87
241400415;Communauté de communes Cœur Côte Fleurie;151.13
241400514;Communauté de communes du Pays de Falaise;641.53
241400555;Communauté de communes de Bayeux Intercom;68.1
241400860;Communauté de communes Cœur de Nacre;96.03
241400878;Communauté de communes Terre d'Auge;337.33
241500230;Communauté d'agglomération du Bassin d'Aurillac;44368.76
241500255;Communauté de communes du Pays Gentiane;45858.87
241500271;Communauté de communes du Pays de Mauriac;22797.11
241501055;Communauté de communes Sumène - Artense;32861.51
241501089;Communauté de communes Cère et Goul en Carladès;18252.63
241501139;Communauté de communes du Pays de Salers;64380.48
241600303;Communauté de communes du Rouillacais;5106.87
241700434;Communauté d'agglomération de La Rochelle;3807.67
241700459;Communauté de communes de l'Île de Ré;2717.01
241700517;Communauté de communes Cœur de Saintonge;2252.65
241700624;Communauté de communes de l'Île d'Oléron;7631.58
241700632;Communauté de communes de Gémozac et de la Saintonge Viticole;541.75
241700640;Communauté d'agglomération Royan Atlantique;28030.83
241700699;Communauté de communes du Bassin de Marennes;13023.13
241800374;Communauté de communes La Septaine;0
241800424;Communauté de communes du Dunois;1291.02
241800432;Communauté de communes Les Trois Provinces;1271.23
241800457;Communauté de communes FerCher;710.4
241800507;Communauté d'agglomération Bourges Plus;836.02
241900133;Communauté de communes de Ventadour - Egletons - Monédières;47431.06
241927201;Communauté d'agglomération Tulle Agglo;87496.8
241927243;Communauté de communes du Pays d'Uzerche;33732.15
242000354;Communauté d'agglomération de Bastia;144.35
242000495;Communauté de communes de l'Alta Rocca;54182.25
242000503;Communauté de communes Celavu-Prunelli;29848.13
242010056;Communauté d'agglomération du Pays Ajaccien;1834.14
242010130;Communauté de communes du Sartenais Valinco Taravo;5820.15
242020071;Communauté de communes du Centre Corse;35206.57
242020105;Communauté de communes de Calvi Balagne;32896.7
242100154;Communauté de communes des Vallées de la Tille et de l'Ignon;764.65
242100410;Dijon Métropole;2325.18
242101434;Communauté de communes du Pays Châtillonnais;50548.74
242101442;Communauté de communes Saulieu-Morvan;26882.96
242101459;Communauté de communes du Pays d'Alésia et de la Seine;18660.79
242101491;Communauté de communes du Montbardois;13.89
242101509;Communauté de communes Rives de Saône;4990.75
242200715;Communauté de communes du Kreiz-Breizh (CCKB);2533.62
242300135;Communauté de communes du Pays Sostranien;64.48
242320000;Communauté de communes de Bénévent Grand Bourg;573.9
242320109;Communauté de communes du Pays Dunois;835.43
242400752;Communauté de communes Périgord-Limousin;51367.4
242400935;Communauté de communes du Pays de Saint-Aulaye;24372.4
242401024;Communauté de communes Isle-Loue-Auvézère en Périgord;54606
242500320;Communauté de communes de Montbenoît;512.81
242500338;Communauté de communes du Grand Pontarlier;2349
242500361;Communauté urbaine Grand Besançon Métropole;3825.14
242504116;Communauté de communes du Val de Morteau;92.4
242504181;Communauté de communes des Portes du Haut-Doubs;3635.41
242504355;Communauté de communes du Plateau de Russey;1823.96
242504371;Communauté de communes du Pays de Sancey-Belleherbe;709.82
242504447;Communauté de communes du Doubs Baumois;3115
242504488;Communauté de communes Altitude 800;95.3
242504496;Communauté de communes du Plateau de 99asne et du Val du Drugeon (CFD);4469.53
242600252;Communauté de communes du Val de Drôme en Biovallée;20450.63
242600492;Communauté de communes Dieulefit-Bourdeaux;8091.27
242600534;Communauté de communes du Diois;56805.2
242700276;Communauté de communes du Pays de Conches;20.4
242700607;Communauté de communes du Pays du Neubourg;257.03
242852465;Communauté de communes du Bonnevalais;5255.64
242900074;Communauté de communes du Pays d'Iroise;1039.15
242900314;Brest Métropole;419.19
242900553;Communauté de communes du Pays des Abers;1149.44
242900561;Communauté de communes de Haute Cornouaille;2048
242900629;Communauté de communes Cap Sizun - Pointe du Raz;1909.21
242900645;Communauté de communes Douarnenez Communauté;384.11
242900660;Communauté de communes du Pays Fouesnantais;369.14
242900694;Communauté d'agglomération Quimperlé Communauté;664.22
242900702;Communauté de communes du Pays Bigouden Sud;1777.45
242900710;Communauté de communes du Haut Pays Bigouden;510.62
242900744;Communauté de communes Poher communauté;2760.53
242900751;Communauté de communes du Pays de Landivisiau;10460.58
242900769;Communauté d'agglomération Concarneau Cornouaille Agglomération;388.27
242900793;Communauté de communes Communauté Lesneven Côte des Légendes;265.87
242900801;Communauté d'agglomération du Pays de Landerneau-Daoulas;11401.87
242900835;Communauté d'agglomération Morlaix Communauté;22378.2
243000270;Communauté de communes du Pays Viganais;35305.24
243000296;Communauté de communes du Pays de Sommières;72.48
243000569;Communauté de communes Rhony, Vistre, Vidourle;989.15
243000585;Communauté de communes Beaucaire Terre d'Argence;5899.7
243000593;Communauté de communes de Petite Camargue;14448.01
243000643;Communauté d'agglomération de Nîmes Métropole;43543.45
243000650;Communauté de communes Terre de Camargue;20509.06
243000684;Communauté de communes du Pont du Gard;8978.86
243100518;Toulouse Métropole;1149.09
243100567;Communauté de communes Aux sources du Canal du Midi;10658.38
243100633;Communauté d'agglomération du Sicoval;311.98
243100732;Communauté de communes des Coteaux du Girou;0
243100773;Communauté de communes Val'Aïgo;190.52
243100781;Communauté de communes Le Grand Ouest Toulousain;56.21
243100815;Communauté de communes des Coteaux Bellevue;0
243200391;Communauté de communes de la Lomagne Gersoise;9.65
243200409;Communauté de communes du Bas Armagnac;2538.81
243200417;Communauté de communes de la Tenarèze;4.81
243200425;Communauté de communes Cœur d'Astarac en Gascogne;1665.63
243200458;Communauté de communes du Grand Armagnac;4733.22
243200508;Communauté de communes Bastides et Vallons du Gers;384.37
243200599;Communauté de communes du Saves;0
243200607;Communauté de communes Artagnan de Fezensac;366.01
243300316;Bordeaux Métropole;10870.92
243300563;Communauté d'agglomération Bassin d'Arcachon Sud (COBAS);17482.35
243300811;Communauté de communes de l'Estuaire;12325.95
243301165;Communauté de communes Jalle-Eau-Bourde;196.23
243301181;Communauté de communes Latitude Nord Gironde;18688.08
243301215;Communauté de communes du Créonnais;5522.45
243301223;Communauté de communes du Grand Cubzaguais;15422.64
243301249;Communauté de communes Les Rives de la Laurence;6417.9
243301264;Communauté de communes de Montesquieu;2817.32
243301355;Communauté de communes Les Coteaux Bordelais;3703.73
243301371;Communauté de communes du Pays Foyen;20726.56
243301389;Communauté de communes Médullienne;2959.59
243301397;Communauté de communes du 99onsadais;13337.41
243301405;Communauté de communes du Val de l'Eyre;54630.28
243301439;Communauté de communes des Portes de l'Entre-Deux-Mers;597.04
243301447;Communauté de communes Médoc Estuaire;2579.21
243301454;Communauté de communes Castillon/Pujols;22866.85
243301504;Communauté d'agglomération du Bassin d'Arcachon Nord;45675.63
243400017;Montpellier Méditerranée Métropole;7849.19
243400355;Communauté de communes du Clermontais;10918.24
243400470;Communauté d'agglomération du Pays de l'Or;6493
243400488;Communauté de communes La Domitienne;4996.28
243400520;Communauté d'agglomération Lunel Agglo;3039.82
243400694;Communauté de communes Vallée de l'Hérault;20310.4
243400736;Communauté de communes des Cévennes Gangeoises et Suménoises;17158.92
243400769;Communauté d'agglomération de Béziers-Méditerranée;1826.08
243400819;Communauté d'agglomération Hérault-Méditerranée;7274.68
243500139;Rennes Métropole;69.07
243500550;Communauté de communes Montfort Communauté;0
243500618;Communauté de communes Brocéliande Communauté;585.66
243500634;Communauté de communes Roche aux Fées Communauté;0
243500659;Communauté de communes Pays de Châteaugiron Communauté;8.74
243500667;Communauté de communes Val d'Ille-Aubigné;132.27
243500725;Communauté de communes Côte d'Émeraude;631.67
243500733;Communauté de communes Bretagne Romantique;111.01
243500741;Communauté d'agglomération Redon Agglomération;8831.91
243500774;Communauté de communes Lif99é-Cormier Communauté;1659.72
243500782;Communauté d'agglomération du Pays de Saint Malo Agglomération;3187.89
243600202;Communauté de communes Chabris - Pays de Bazelle;10727.18
243600236;Communauté de communes du Pays d'Issoudun;127.27
243600293;Communauté de communes Levroux Boischaut Champagne;0
243600301;Communauté de communes Val de l'Indre - Brenne;19453.64
243600319;Communauté de communes Brenne - Val de Creuse;84103.38
243600327;Communauté d'agglomération Châteauroux Métropole;3686.71
243600343;Communauté de communes Cœur de Brenne;47720.93
243600350;Communauté de communes de la Châtre et Sainte-Sévère;0
243700499;Communauté de communes du Castelrenaudais;0
243700754;Tours Métropole Val de Loire;3250.22
243700820;Communauté de communes Autour de Chenonceaux Bléré-Val de Cher;5831.79
243800604;Communauté d'agglomération Porte de l'Isère (CAPI);769.6
243800745;Communauté de communes de l'Oisans;48372.29
243800935;Communauté de communes Lyon Saint Exupéry en Dauphiné;255.18
243800984;Communauté d'agglomération du Pays Voironnais;9955.65
243801024;Communauté de communes du Massif du Vercors;25526.86
243801073;Communauté de communes de Bièvre Est;793.02
243801255;Communauté de communes Collines Isère Nord Communauté;1.15
243900354;Communauté de communes de la Station des Rousses-Haut Jura;9889.11
243900420;Communauté de communes du Val d'Amour;9746.03
243900479;Communauté de communes Haut-Jura Arcade Communauté;14802.11
243900560;Communauté de communes Jura Nord;8196.63
243900610;Communauté de communes La Grandvallière;16987.25
243901089;Communauté de communes de la Plaine Jurassienne;3877.78
244000543;Communauté de communes de Mimizan;2456.45
244000659;Communauté de communes du Seignanx;5147.48
244000675;Communauté d'agglomération du Grand Dax;6287.07
244000691;Communauté de communes du Pays Morcenais;2618.61
244000766;Communauté de communes du Pays Tarusate;2387.47
244000774;Communauté de communes du Pays de Villeneuve en Armagnac Landais;1443.69
244000808;Mont de Marsan Agglomération;2054.83
244000824;Communauté de communes du Pays Grenadois;444.16
244000857;Communauté de communes Côte Landes Nature;3168.93
244000865;Communauté de communes Maremne Adour Côte Sud;7737.1
244000873;Communauté de communes des Grands Lacs;9167.05
244000881;Communauté de communes Coteaux et Vallées des Luys;0
244100293;Communauté de communes des Collines du Perche;8.25
244100780;Communauté de communes de la Sologne des Étangs;57850.24
244100798;Communauté de communes du Grand Chambord;30236
244100806;Communauté de communes de la Sologne des Rivières;48456.12
244200614;Communauté de communes des Vals d'Aix et Isable;2909.9
244200622;Communauté de communes des Monts du Pilat;30688.11
244200630;Communauté de communes du Pays entre Loire et Rhône;3748.72
244200770;Saint-Etienne Métropole;18662.72
244200820;Communauté de communes du Pays d'Urfé;1493.83
244200895;Communauté de communes du Pilat Rhodanien;14460.89
244300307;Communauté de communes Haut Pays du Velay Communauté;20.06
244301016;Communauté de communes des Sucs;10995.22
244301099;Communauté de communes Auzon Communauté;5836.3
244301107;Communauté de communes du Haut-Lignon;453.4
244301123;Communauté de communes des Pays de Cayres et de Pradelles;13995.4
244301131;Communauté de communes Loire et Semène;1080.49
244400404;Nantes Métropole;7087.15
244400438;Communauté de communes Grand Lieu Communauté;5398.02
244400453;Communauté de communes Pays de Blain Communauté;4469.09
244400503;Communauté de communes d'Erdre et Gesvres;2507.09
244400537;Communauté de communes de Nozay;3.15
244400552;Communauté de communes du Pays d'Ancenis;5146.96
244400586;Communauté de communes du Sud Estuaire;5518.1
244400610;Communauté d'agglomération de la Presqu'île de Guérande Atlantique (Cap Atlantique);24668.71
244400644;Communauté d'agglomération de la Région Nazairienne et de l'Estuaire (CARENE);24283.1
244500203;Communauté d'agglomération Montargoise et Rives du Loing (AME);0
244500211;Communauté de communes Giennoises;3099.42
244500419;Communauté de communes des Quatre Vallées;104.58
244500427;Communauté de communes des Loges;21511.38
244500468;Orléans Métropole;3014.87
244500484;Communauté de communes de la Forêt;1592.55
244500542;Communauté de communes de la Plaine du Nord Loiret;0.01
244600433;Communauté de communes de la Vallée du Lot et du Vignoble;34.23
244600482;Communauté de communes Quercy - Bouriane;27769.63
244600532;Communauté de communes du Pays de Lalbenque-Limogne;43061.7
244600573;Communauté de communes du Causse de Labastide-Murat;33646.84
244700449;Communauté de communes du Pays de Duras;1781.98
244700464;Communauté de communes du Pays de Lauzun;37.73
244701355;Communauté de communes des Coteaux et Landes de Gascogne;672.26
244701405;Communauté de communes Lot et Tolzac;69.94
244800405;Communauté de communes Cœur de Lozère;5753.11
244800470;Communauté de communes du Gévaudan;17506.9
244900015;Communauté urbaine Angers Loire Métropole;16774.14
244900809;Communauté de communes Anjou Bleu Communauté;0.1
244900882;Communauté de communes Baugeois Vallée;19809.7
245100615;Communauté de communes de la Grande Vallée de la Marne;18252.91
245100888;Communauté de communes de la Brie Champenoise;0
245100979;Communauté de communes du Sud Marnais;983.26
245200597;Communauté de communes des Trois Forêts;12471.71
245300223;Communauté de communes du Pays de Meslay-Grez;85.63
245300355;Communauté de communes de l'Ernée;0
245300389;Communauté de communes du Bocage Mayennais;3853
245300447;Communauté de communes du Pays de Château-Gontier;129.27
245400171;Communauté de communes Moselle et Madon;694.66
245400189;Communauté de communes des Pays du Sel et du Vermois;216.33
245400262;Grand Longwy Agglomération;0
245400510;Communauté de communes du Pays de Colombey et du Sud Toulois;79.25
245400601;Communauté de communes du Bassin de Pompey;2593.38
245400676;Métropole du Grand Nancy;287.91
245400759;Communauté de communes du Pays du Sanon;677.43
245500327;Communauté de communes du Sammiellois;11373.94
245501176;Communauté de communes du Territoire de 99esnes-en-Woëvre;11300.68
245501184;Communauté de communes du Pays de Revigny-sur-Ornain;4024.3
245501242;Communauté de communes du Pays d'Étain;1052.35
245501259;Communauté de communes du Pays de Montmédy;291.75
245600440;Blavet Bellevue Océan Communauté;1690.72
245600465;Communauté de communes de Belle-Île-en-Mer;4097.91
245614383;Communauté de communes Questembert Communauté;2484.11
245614417;Communauté de communes Roi Morvan Communauté;3065.3
245614433;Communauté de communes Pontivy Communauté;408.9
245700133;Communauté de communes du District Urbain de Faulquemont;614.8
245700372;Communauté d'agglomération de Forbach Porte de 99ance;1.28
245700398;Communauté de communes de 99eyming-Merlebach;0
245700695;Communauté de communes de Cattenom et Environs;75.68
245700950;Communauté de communes du Pays de Phalsbourg;377.63
245701164;Communauté de communes du Warndt;1.82
245701206;Communauté de communes du Saulnois;37155.14
245701222;Communauté d'agglomération du Val de Fensch;78.77
245701271;Communauté de communes du Pays Orne Moselle;8.97
245701354;Communauté de communes de l'Arc Mosellan;84.43
245701362;Communauté d'agglomération Portes de 99ance-Thionville;11.74
245701404;Communauté de communes du Pays Haut Val d'Alzette;25.14
245801063;Communauté de communes Loire et Allier;3296.11
245804406;Communauté d'agglomération de Nevers;3464.76
245804497;Communauté de communes du Nivernais Bourbonnais;4021.72
245900428;Communauté urbaine de Dunkerque;1302.26
245900758;Communauté de communes Flandre Lys;8.62
245901038;Communauté de communes du Pays Solesmois;17.25
245901152;Communauté de communes Cœur d'Ostrevent;7125.84
245901160;Communauté d'agglomération Valenciennes Métropole;10843.05
246000129;Communauté de communes du Liancourtois;244.95
246000376;Communauté de communes du Clermontois;29.73
246000566;Communauté de communes du Plateau Picard;23.82
246000582;Communauté de communes des Sablons;299.31
246000707;Communauté de communes du Vexin-Thelle;70.16
246000749;Communauté de communes des Lisières de l'Oise;5983.79
246000756;Communauté de communes du Pays Noyonnais;3769.16
246000764;Communauté de communes de l'Aire Cantilienne;14994.71
246000772;Communauté de communes des Deux Vallées;3640.2
246000848;Communauté de communes de la Picardie Verte;597.92
246000855;Communauté de communes du Pays des Sources;70.25
246000871;Communauté de communes du Pays de Valois;7789.41
246000897;Communauté de communes de la Plaine d'Estrées;10.61
246000913;Communauté de communes du Pays de Bray;488.22
246000921;Communauté de communes des Pays d'Oise et d'Halatte;7581.39
246100390;Communauté de communes du Val d'Orne;1456.02
246100663;Communauté urbaine d'Alençon;33042.47
246200299;Communauté d'agglomération d'Hénin-Carvin;4.48
246200364;Communauté d'agglomération de Lens - Liévin;60.83
246200380;Communauté de communes de la Terre des Deux Caps;18541.22
246200729;Communauté d'agglomération du Boulonnais;17181.87
246200844;Communauté de communes de la Région d'Audruicq;2630.74
246201016;Communauté de communes du Pays de Lumbres;27207.24
246300701;Clermont Auvergne Métropole;11299.27
246300966;Communauté de communes du Massif du Sancy;60982.71
246301097;Communauté de communes Entre Dore et Allier;6095.05
246400337;Communauté de communes de la Vallée d'Ossau;52994.47
246401756;Communauté de communes Pays de Nay;9786.95
246500482;Communauté de communes de la Haute-Bigorre;12479.4
246500573;Communauté de communes Aure Louron;37331.11
246600282;Communauté de communes Sud-Roussillon;88.08
246600373;Communauté de communes du Vallespir;371.73
246600399;Communauté de communes Pyrénées Cerdagne;44223.5
246600415;Communauté de communes Roussillon-Conflent;552.05
246600423;Communauté de communes Agly Fenouillèdes;8121.32
246600449;Communauté de communes des Aspres;227.31
246600464;Communauté de communes Pyrénées catalanes;35643.01
246600548;Communauté de communes du Haut Vallespir;9074.88
246700306;Communauté de communes de la Vallée de la Bruche;4743.21
246700488;Eurométropole de Strasbourg;4189.51
246700744;Communauté de communes des Portes de Rosheim;72.19
246700777;Communauté de communes de la Vallée de Villé;1529.53
246700843;Communauté de communes de la Basse-Zorn;166.76
246700926;Communauté de communes du Pays de Wissembourg;7105.28
246700959;Communauté de communes du Pays de la Zorn;15.48
246700967;Communauté de communes de Sélestat;5026
246701064;Communauté de communes de la Région de Molsheim-Mutzig;1437.56
246701080;Communauté de communes du Pays de Sainte-Odile;538.16
246701098;Communauté de communes du Pays de Niederbronn-les-Bains;14433.81
246800205;Communauté de communes de la Vallée de Saint-Amarin;16728.06
246800395;Communauté de communes du Val d'Argent;10321.55
246800445;Communauté de communes du Centre du Haut-Rhin;1522.9
246800494;Communauté de communes du Pays de Rouffach, Vignobles et Châteaux;7005.39
246800551;Communauté de communes de la Vallée de Kaysersberg;18033.42
246800569;Communauté de communes de la Région de Guebwiller;16304.57
246800577;Communauté de communes du Pays de Ribeauvillé;14475.9
246800585;Communauté de communes de la Vallée de Munster;11098.99
246800676;Communauté de communes de la Vallée de la Doller et du Soultzbach;11351.2
246800726;Communauté d'agglomération Colmar Agglomération;6417.02
246900575;Communauté de communes de l'Est Lyonnais (CCEL);52.37
246900625;Communauté de communes du Pays de l'Arbresle (CCPA);948.46
246900724;Communauté de communes des Vallons du Lyonnais (CCVL);8.99
246900740;Communauté de communes du Pays Mornantais (COPAMO);2501.57
246900757;Communauté de communes de la Vallée du Garon (CCVG);161.34
246900765;Communauté de communes du Pays de l'Ozon;43.45
247000011;Communauté d'agglomération de Vesoul;1293.07
247000367;Communauté de communes des Combes;2989.34
247000623;Communauté de communes des Quatre Rivières;4591.79
247000664;Communauté de communes du Pays de Lure;2347.99
247000698;Communauté de communes des Monts de Gy;369.34
247000706;Communauté de communes du Pays Riolais;180.33
247000714;Communauté de communes du Pays de Villersexel;182.54
247000722;Communauté de communes du Pays d'Héricourt;315.28
247000755;Communauté de communes du Pays de Luxeuil;9954.29
247000821;Communauté de communes Rahin et Chérimont;14352.48
247000854;Communauté de communes des 1000 étangs;29214.81
247100290;Communauté urbaine Le Creusot Montceau-les-Mines;164.75
247100589;Communauté d'agglomération Le Grand Chalon;3058.15
247100639;Communauté de communes de Marcigny;3651.97
247100647;Communauté de communes Bresse Nord Intercom';3191.65
247103765;Communauté de communes Entre Saône et Grosne;7955.01
247103864;Communauté de communes de Semur-en-Brionnais;3673.44
247104094;Communauté de communes Sud Côte Chalonnaise;1599.82
247200090;Communauté de communes du Pays Sabolien;2.55
247200132;Communauté urbaine Le Mans Métropole;54.12
247200348;Communauté de communes du Pays Fléchois;1577.77
247200421;Communauté de communes du Sud Est Manceau;2113.99
247200447;Communauté de communes Orée de Bercé - Belinois;294.86
247200629;Communauté de communes du Val de Sarthe;0
247200686;Communauté de communes du Pays de l'Huisne Sarthoise;25.86
247300015;Communauté de communes des Vallées d'Aigueblanche;4768.84
247300254;Communauté de communes de Haute-Tarentaise;14896.55
247300262;Communauté de communes de Yenne;1703.55
247300361;Communauté de communes du Canton de La Chambre;741.72
247300452;Communauté de communes Maurienne Galibier;3821.7
247300528;Communauté de communes Val Guiers;564.23
247300668;Communauté de communes du Lac d'Aiguebelette (CCLA);3002.12
247300676;Communauté de communes Porte de Maurienne;5021.21
247300817;Communauté de communes Les Versants d'Aime;7983.38
247400047;Communauté de communes de la Vallée Verte;432.32
247400112;Communauté de communes du Pays de Cruseilles;1485.62
247400567;Communauté de communes Fier et Usses;652.73
247400583;Communauté de communes Arve et Salève;1583.07
247400617;Communauté de communes des Vallées de Thônes;8127.88
247400666;Communauté de communes des Quatre Rivières;303.73
247400682;Communauté de communes du Haut-Chablais;30889
247400690;Communauté de communes du Genevois;2378.09
247400724;Communauté de communes du Pays Rochois;205.79
247400740;Communauté de communes Rumilly Terre de Savoie;97.53
247400773;Communauté de communes des Sources du Lac d'Annecy;11751.65
247600505;Communauté de communes Campagne-de-Caux;0
247600588;Communauté de communes des Villes Sœurs;1092.92
247600604;Communauté de communes de Londinières;350.37
247600620;Communauté de communes Yvetot Normandie;4981.76
247600646;Communauté de communes Caux - Austreberthe;5.3
247600729;Communauté de communes Falaises du Talou;1306.78
247600786;Communauté d'agglomération de la Région Dieppoise;586.79
247700032;Communauté de communes Moret Seine et Loing;20501.24
247700057;Communauté d'agglomération Melun Val de Seine;6090.13
247700065;Communauté de communes du Pays de l'Ourcq;1331.88
247700107;Communauté de communes Pays de Montereau;9778.57
247700339;Communauté d'agglomération Val d'Europe Agglomération;0
247700594;Communauté d'agglomération Marne et Gondoire;682.73
247700644;Communauté de communes l'Orée de la Brie;0
247700701;Communauté de communes Brie Nangissienne;2178.89
247800550;Communauté de communes du Pays Houdanais (CCPH);208.41
247800584;Communauté d'agglomération Versailles Grand Parc (CAVGP);488.95
247800618;Communauté de communes Cœur d'Yvelines;10468.54
247900798;Communauté de communes du Thouarsais;7624.37
248000499;Communauté de communes du Val de Somme;1478.83
248000531;Communauté d'agglomération Amiens Métropole;1577.25
248000747;Communauté de communes du Pays du Coquelicot;1487.49
248100158;Communauté de communes du Sor et de l'Agout;8208.08
248100430;Communauté d'agglomération de Castres Mazamet;19853.28
248100497;Communauté de communes Val 81;1.74
248100737;Communauté d'agglomération de l'Albigeois (C2A);0
248100745;Communauté de communes Thoré Montagne Noire;14458.99
248200016;Communauté de communes des Deux Rives;1615.02
248200057;Communauté de communes du Quercy Caussadais;473.04
248200065;Communauté de communes de la Lomagne Tarn-et-Garonnaise;0
248200099;Communauté d'agglomération Grand Montauban;342.6
248200107;Communauté de communes du Quercy Rouergue et des Gorges de l'Aveyron;5269.33
248300394;Communauté d'agglomération Sud Sainte Baume;27373.9
248300410;Communauté de communes de la Vallée du Gapeau;3825.88
248300493;Communauté d'agglomération Dracénie Provence Verdon Agglomération;35906.56
248300543;Métropole Toulon-Provence-Méditerranée;15788.19
248300550;Communauté de communes Cœur du Var;12613.37
248400053;Communauté d'agglomération Ventoux-Comtat-Venaissin (COVE);36011.38
248400160;Communauté de communes Aygues-Ouvèze en Provence (CCAOP);2477.16
248400236;Communauté de communes Pays d'Orange en Provence;1651.23
248400251;Communauté d'agglomération du Grand Avignon (COGA);5423.4
248400285;Communauté de communes Territoriale Sud-Luberon;36286.96
248400293;Communauté d'agglomération des Sorgues du Comtat;2113.47
248400319;Communauté de communes du Pays des Sorgues et des Monts de Vaucluse;1276.55
248400335;Communauté de communes Vaison Ventoux;7864.34
248500191;Communauté de communes de l'Île de Noirmoutier;2156.66
248500258;Communauté de communes Océan Marais de Monts;13442.7
248500340;Communauté de communes Pays de Chantonnay;0
248500415;Communauté de communes du Pays de la Châtaigneraie;0
248500464;Communauté de communes du Pays de Pouzauges;0
248500530;Communauté de communes du Pays des Achards;0
248500563;Communauté de communes Vendée, Sèvre, Autise;23101.8
248500589;Communauté d'agglomération La Roche-sur-Yon Agglomération;4.35
248500621;Communauté de communes du Pays des Herbiers;0
248500662;Communauté de communes du Pays de Mortagne;0
248600413;Communauté d'agglomération Grand Châtellerault;4579.26
248600447;Communauté de communes du Pays Loudunais;16794.02
248700189;Communauté de communes du Pays de Saint-Yrieix;32838.04
248719262;Communauté de communes Gartempe - Saint-Pardoux;583.36
248719288;Communauté de communes du Val de Vienne;60.48
248719312;Communauté urbaine Limoges Métropole;46.38
248719338;Communauté de communes Briance-Combade;8242.65
248719353;Communauté de communes des Portes de Vassivière;37173.5
248719361;Communauté de communes de Noblat;765.97
248900334;Communauté d'agglomération du Grand Sénonais;94.79
248900383;Communauté de communes de l'Agglomération Migennoise;0
248900524;Communauté de communes de l'Aillantais en Bourgogne;92.34
248900664;Communauté de communes de la Vanne et du Pays d'Othe;323.64
248900748;Communauté de communes du Gâtinais en Bourgogne;457.64
248900896;Communauté de communes Yonne Nord;30.54
248900938;Communauté de communes du Jovinien;1082.73
249000241;Communauté de communes du Sud Territoire;3239.25
249100074;Communauté de communes du Pays de Limours (CCPL);5815.6
249100157;Communauté de communes des Deux Vallées;18875.32
249100546;Communauté de communes du Val d'Essonne (CCVE);15396.22
249100553;Communauté de communes Entre Juine et Renarde (CCEJR);7244.05
249100595;Communauté de communes Le Dourdannais en Hurepoix (CCDH);2.21
249500109;Communauté d'agglomération de Cergy-Pontoise;11.69
249500430;Communauté de communes Sausseron Impressionnistes;12014.39
249500455;Communauté de communes de la Vallée de l'Oise et des Trois Forêts;967.98
249500489;Communauté de communes du Haut Val d'Oise;967.66
249500513;Communauté de communes du Vexin-Val de Seine;20144.67
249710047;Communauté de communes de Marie-Galante;657.29
249710062;Communauté d'agglomération du Nord Basse-Terre;46965.06
249710070;Communauté d'agglomération Grand Sud Caraïbe;24654.59
249720053;Communauté d'agglomération de l'Espace Sud de la Martinique;41197.41
249720061;Communauté d'agglomération du Centre de la Martinique;17591.26
249730037;Communauté de communes de l'Ouest Guyanais;2423114.4
249730045;Communauté d'agglomération du Centre Littoral;377117.03
249730052;Communauté de communes de l'Est Guyanais;1351233.3
249740077;Communauté d'agglomération CIVIS (Communauté Intercommunale des Villes Solidaires);19428.53
249740085;Communauté d'agglomération du Sud;26759.04
249740093;Communauté d'agglomération Intercommunale de la Réunion Est (CIREST);63351.47
249740101;Communauté d'agglomération Territoire de la Côte Ouest (TCO);31748.19
249740119;Communauté d'agglomération Intercommunale du Nord de la Réunion (CINOR);18443.97